[{"Body":"\r\nКАШЕРНО ПОЛУЧАЕТСЯ\r\n\r\n  \r\n>Пятница, 21 апреля 2023, 0:51 +04:00 от uveselchak99@gmail.com:\r\n> \r\n>Заказ №135 изменен статус на Выдан \r\n \r\n \r\n--\r\nС уважением, Егор Елисеев\r\nОтправлено из Почты  Mail.ru\r\n ","ClientId":5,"DateDelivery":"\/Date(1682020329000+0400)\/","MessageId":"1682023929.555381063@f139.i.mail.ru","SenderName":"egor.eliseev.1986@mail.ru","Subject":"Re: Кузнечаня мастерская, Заказ №135"},{"Body":"\r\nЧЁТОКО! А теперь пожалуйста сработай\r\n\r\n  \r\n>Пятница, 21 апреля 2023, 0:51 +04:00 от uveselchak99@gmail.com:\r\n> \r\n>Заказ №134 изменен статус на Выдан \r\n \r\n \r\n--\r\nС уважением, Егор Елисеев\r\nОтправлено из Почты  Mail.ru\r\n ","ClientId":5,"DateDelivery":"\/Date(1682020346000+0400)\/","MessageId":"1682023946.697278035@f139.i.mail.ru","SenderName":"egor.eliseev.1986@mail.ru","Subject":"Re: Кузнечаня мастерская, Заказ №134"},{"Body":"\r\nСПАСИБО\r\n--\r\nОтправлено из Mail.ru для Android воскресенье, 30 апреля 2023г., 15:21 +04:00 от  uveselchak99@gmail.com :\r\n\r\n>Заказ №212 изменен статус на Ожидание","ClientId":5,"DateDelivery":"\/Date(1682850212000+0400)\/","MessageId":"1682853812.280389652@f739.i.mail.ru","SenderName":"egor.eliseev.1986@mail.ru","Subject":"Re: Кузнечаня мастерская, Заказ №212"},{"Body":"\r\nУррррррра!\r\n--\r\nОтправлено из Mail.ru для Android воскресенье, 30 апреля 2023г., 15:23 +04:00 от  uveselchak99@gmail.com :\r\n\r\n>Заказ №212 изменен статус на Готов","ClientId":5,"DateDelivery":"\/Date(1682850228000+0400)\/","MessageId":"1682853828.917058387@f318.i.mail.ru","SenderName":"egor.eliseev.1986@mail.ru","Subject":"Re: Кузнечаня мастерская, Заказ №212"},{"Body":"\r\nУ и уаа\r\n--\r\nОтправлено из Mail.ru для Android воскресенье, 30 апреля 2023г., 12:55 +04:00 от  uveselchak99@gmail.com :\r\n\r\n>Заказ №211 изменен статус на Выдан","ClientId":5,"DateDelivery":"\/Date(1682850256000+0400)\/","MessageId":"1682853856.913819013@f759.i.mail.ru","SenderName":"egor.eliseev.1986@mail.ru","Subject":"Re: Кузнечаня мастерская, Заказ №211"},{"Body":"\r\nКАЙФЫ\r\n--\r\nОтправлено из Mail.ru для Android воскресенье, 30 апреля 2023г., 15:29 +04:00 от  uveselchak99@gmail.com :\r\n\r\n>Заказ №213 изменен статус на Готов","ClientId":5,"DateDelivery":"\/Date(1682850573000+0400)\/","MessageId":"1682854173.745631429@f545.i.mail.ru","SenderName":"egor.eliseev.1986@mail.ru","Subject":"Re: Кузнечаня мастерская, Заказ №213"},{"Body":"\r\nЙоу йоу йоу\r\n--\r\nОтправлено из Mail.ru для Android воскресенье, 30 апреля 2023г., 15:28 +04:00 от  uveselchak99@gmail.com :\r\n\r\n>Заказ №213 изменен статус на Выполняется","ClientId":5,"DateDelivery":"\/Date(1682850591000+0400)\/","MessageId":"1682854191.364950223@f770.i.mail.ru","SenderName":"egor.eliseev.1986@mail.ru","Subject":"Re: Кузнечаня мастерская, Заказ №213"},{"Body":"\r\nЫыыыы\r\n--\r\nОтправлено из Mail.ru для Android воскресенье, 30 апреля 2023г., 15:28 +04:00 от  uveselchak99@gmail.com :\r\n\r\n>Заказ №213 изменен статус на Выполняется","ClientId":5,"DateDelivery":"\/Date(1682850638000+0400)\/","MessageId":"1682854238.119506173@f430.i.mail.ru","SenderName":"egor.eliseev.1986@mail.ru","Subject":"Re: Кузнечаня мастерская, Заказ №213"},{"Body":"\r\nУлюлю\r\n--\r\nОтправлено из Mail.ru для Android воскресенье, 30 апреля 2023г., 15:28 +04:00 от  uveselchak99@gmail.com :\r\n\r\n>Заказ №213 изменен статус на Ожидание","ClientId":5,"DateDelivery":"\/Date(1682850821000+0400)\/","MessageId":"1682854421.197668808@f455.i.mail.ru","SenderName":"egor.eliseev.1986@mail.ru","Subject":"Re: Кузнечаня мастерская, Заказ №213"},{"Body":"\r\nАгагагашаша\r\n--\r\nОтправлено из Mail.ru для Android воскресенье, 30 апреля 2023г., 12:55 +04:00 от  uveselchak99@gmail.com :\r\n\r\n>Заказ №210 изменен статус на Выдан","ClientId":5,"DateDelivery":"\/Date(1682850838000+0400)\/","MessageId":"1682854438.459134771@f554.i.mail.ru","SenderName":"egor.eliseev.1986@mail.ru","Subject":"Re: Кузнечаня мастерская, Заказ №210"},{"Body":"\r\nНЕ НУ ПРОВЕРКУ метода ТО НАДО замутить \r\n--\r\nОтправлено из Mail.ru для Android воскресенье, 30 апреля 2023г., 15:28 +04:00 от  uveselchak99@gmail.com :\r\n\r\n>Заказ №213 изменен статус на Выполняется","ClientId":5,"DateDelivery":"\/Date(1682850860000+0400)\/","MessageId":"1682854460.871292214@f390.i.mail.ru","SenderName":"egor.eliseev.1986@mail.ru","Subject":"Re: Кузнечаня мастерская, Заказ №213"},{"Body":"\r\nЕнто капепц\r\n--\r\nОтправлено из Mail.ru для Android воскресенье, 30 апреля 2023г., 15:29 +04:00 от  uveselchak99@gmail.com :\r\n\r\n>Заказ №213 изменен статус на Готов","ClientId":5,"DateDelivery":"\/Date(1682850878000+0400)\/","MessageId":"1682854478.283729722@f167.i.mail.ru","SenderName":"egor.eliseev.1986@mail.ru","Subject":"Re: Кузнечаня мастерская, Заказ №213"},{"Body":"\r\nШишки и мышки\r\n--\r\nОтправлено из Mail.ru для Android воскресенье, 30 апреля 2023г., 15:21 +04:00 от  uveselchak99@gmail.com :\r\n\r\n>Заказ №212 изменен статус на Выполняется","ClientId":5,"DateDelivery":"\/Date(1682850899000+0400)\/","MessageId":"1682854499.261104974@f110.i.mail.ru","SenderName":"egor.eliseev.1986@mail.ru","Subject":"Re: Кузнечаня мастерская, Заказ №212"},{"Body":"\r\nИС-7 имба\r\n--\r\nОтправлено из Mail.ru для Android воскресенье, 30 апреля 2023г., 15:20 +04:00 от  uveselchak99@gmail.com :\r\n\r\n>Заказ №212 от 30.04.2023 15:20:50 на сумму 5907000,00 принят","ClientId":5,"DateDelivery":"\/Date(1682850927000+0400)\/","MessageId":"1682854527.840909433@f488.i.mail.ru","SenderName":"egor.eliseev.1986@mail.ru","Subject":"Re: Кузнечная мастерская, Заказ №212"},{"Body":"Не ну чё работает?","ClientId":5,"DateDelivery":"\/Date(1682868677773+0400)\/","MessageId":"1682854550.417812548@f504.i.mail.ru","SenderName":"egor.eliseev.1986@mail.ru","Subject":"Re: Кузнечная мастерская, Заказ №211"}]