[{"ClientId":5,"Count":2,"DateCreate":"\/Date(1682417573328+0400)\/","DateImplement":"\/Date(1682417627909+0400)\/","Id":205,"ImplementerId":2,"ManufactureId":1,"Status":2,"Sum":115830},{"ClientId":5,"Count":3,"DateCreate":"\/Date(1682417578371+0400)\/","DateImplement":"\/Date(1682844595945+0400)\/","Id":206,"ImplementerId":2,"ManufactureId":1,"Status":3,"Sum":173745},{"ClientId":5,"Count":5,"DateCreate":"\/Date(1682417584124+0400)\/","DateImplement":"\/Date(1682417636472+0400)\/","Id":207,"ImplementerId":2,"ManufactureId":1,"Status":2,"Sum":289575},{"ClientId":5,"Count":4,"DateCreate":"\/Date(1682417589497+0400)\/","DateImplement":"\/Date(1682417636472+0400)\/","Id":208,"ImplementerId":2,"ManufactureId":1,"Status":2,"Sum":231660},{"ClientId":5,"Count":55,"DateCreate":"\/Date(1682844878215+0400)\/","DateImplement":"\/Date(1682844906966+0400)\/","Id":209,"ImplementerId":2,"ManufactureId":2,"Status":3,"Sum":6497700},{"ClientId":5,"Count":48,"DateCreate":"\/Date(1682844886350+0400)\/","DateImplement":"\/Date(1682844908772+0400)\/","Id":210,"ImplementerId":2,"ManufactureId":3,"Status":3,"Sum":462528},{"ClientId":5,"Count":111,"DateCreate":"\/Date(1682844895416+0400)\/","DateImplement":"\/Date(1682844910200+0400)\/","Id":211,"ImplementerId":2,"ManufactureId":1,"Status":3,"Sum":6428565},{"ClientId":5,"Count":50,"DateCreate":"\/Date(1682853650297+0400)\/","DateImplement":"\/Date(1682853782173+0400)\/","Id":212,"ImplementerId":2,"ManufactureId":2,"Status":2,"Sum":5907000},{"ClientId":5,"Count":222,"DateCreate":"\/Date(1682854035386+0400)\/","DateImplement":"\/Date(1682854146634+0400)\/","Id":213,"ImplementerId":2,"ManufactureId":3,"Status":2,"Sum":2139192}]